Study Order,Difficulty,Title,Frequency,Link,Topics,Study Topic,,Progress
1,EASY,Two Sum,100,https://leetcode.com/problems/two-sum,"Array, Hash Table",01 Arrays & Hashing,,
2,EASY,Best Time to Buy and Sell Stock,82,https://leetcode.com/problems/best-time-to-buy-and-sell-stock,"Array, Dynamic Programming",01 Arrays & Hashing,,
3,EASY,Majority Element,67.6,https://leetcode.com/problems/majority-element,"Array, Hash Table, Divide and Conquer, Sorting, Counting, Boyer–Moore Majority Vote Algorithm",01 Arrays & Hashing,,
4,EASY,Remove Duplicates from Sorted Array,60.3,https://leetcode.com/problems/remove-duplicates-from-sorted-array,"Array, Two Pointers",01 Arrays & Hashing,,
5,EASY,Longest Common Prefix,58.7,https://leetcode.com/problems/longest-common-prefix,"Array, String, Trie",01 Arrays & Hashing,,
6,EASY,Contains Duplicate,55.3,https://leetcode.com/problems/contains-duplicate,"Array, Hash Table, Sorting",01 Arrays & Hashing,,
7,EASY,Merge Sorted Array,55.3,https://leetcode.com/problems/merge-sorted-array,"Array, Two Pointers, Sorting",01 Arrays & Hashing,,
8,EASY,Concatenation of Array,48.7,https://leetcode.com/problems/concatenation-of-array,"Array, Simulation",01 Arrays & Hashing,,
9,EASY,Maximum Average Subarray I,48.7,https://leetcode.com/problems/maximum-average-subarray-i,"Array, Sliding Window",01 Arrays & Hashing,,
10,EASY,Maximum Product of Three Numbers,48.7,https://leetcode.com/problems/maximum-product-of-three-numbers,"Array, Math, Sorting",01 Arrays & Hashing,,
11,EASY,Remove Element,48.7,https://leetcode.com/problems/remove-element,"Array, Two Pointers",01 Arrays & Hashing,,
12,EASY,Search Insert Position,48.7,https://leetcode.com/problems/search-insert-position,"Array, Binary Search",01 Arrays & Hashing,,
13,EASY,Valid Anagram,48.7,https://leetcode.com/problems/valid-anagram,"Hash Table, String, Sorting",01 Arrays & Hashing,,
14,EASY,Check if Array Is Sorted and Rotated,46,https://leetcode.com/problems/check-if-array-is-sorted-and-rotated,Array,01 Arrays & Hashing,,
15,EASY,Intersection of Two Arrays,46,https://leetcode.com/problems/intersection-of-two-arrays,"Array, Hash Table, Two Pointers, Binary Search, Sorting",01 Arrays & Hashing,,
16,EASY,Isomorphic Strings,46,https://leetcode.com/problems/isomorphic-strings,"Hash Table, String",01 Arrays & Hashing,,
17,EASY,Max Consecutive Ones,46,https://leetcode.com/problems/max-consecutive-ones,Array,01 Arrays & Hashing,,
18,EASY,Move Zeroes,46,https://leetcode.com/problems/move-zeroes,"Array, Two Pointers",01 Arrays & Hashing,,
19,EASY,Next Greater Element I,46,https://leetcode.com/problems/next-greater-element-i,"Array, Hash Table, Stack, Monotonic Stack",01 Arrays & Hashing,,
20,EASY,Pascal's Triangle,46,https://leetcode.com/problems/pascals-triangle,"Array, Dynamic Programming",01 Arrays & Hashing,,
21,EASY,Running Sum of 1d Array,46,https://leetcode.com/problems/running-sum-of-1d-array,"Array, Prefix Sum",01 Arrays & Hashing,,
22,EASY,Squares of a Sorted Array,46,https://leetcode.com/problems/squares-of-a-sorted-array,"Array, Two Pointers, Sorting",01 Arrays & Hashing,,
23,EASY,First Unique Character in a String,42.8,https://leetcode.com/problems/first-unique-character-in-a-string,"Hash Table, String, Queue, Counting",01 Arrays & Hashing,,
24,EASY,Happy Number,42.8,https://leetcode.com/problems/happy-number,"Hash Table, Math, Two Pointers, Floyd's Cycle Finding Algorithm",01 Arrays & Hashing,,
25,EASY,Linked List Cycle,42.8,https://leetcode.com/problems/linked-list-cycle,"Hash Table, Linked List, Two Pointers, Floyd's Cycle Finding Algorithm",01 Arrays & Hashing,,
26,EASY,Roman to Integer,42.8,https://leetcode.com/problems/roman-to-integer,"Hash Table, Math, String",01 Arrays & Hashing,,
27,EASY,Binary Search,39.1,https://leetcode.com/problems/binary-search,"Array, Binary Search",01 Arrays & Hashing,,
28,EASY,Distance Between Bus Stops,39.1,https://leetcode.com/problems/distance-between-bus-stops,Array,01 Arrays & Hashing,,
29,EASY,Find Pivot Index,39.1,https://leetcode.com/problems/find-pivot-index,"Array, Prefix Sum",01 Arrays & Hashing,,
30,EASY,Kth Missing Positive Number,39.1,https://leetcode.com/problems/kth-missing-positive-number,"Array, Binary Search",01 Arrays & Hashing,,
31,EASY,Single Number,39.1,https://leetcode.com/problems/single-number,"Array, Bit Manipulation",01 Arrays & Hashing,,
32,EASY,Contains Duplicate II,34.6,https://leetcode.com/problems/contains-duplicate-ii,"Array, Hash Table, Sliding Window",01 Arrays & Hashing,,
33,EASY,Convert Sorted Array to Binary Search Tree,34.6,https://leetcode.com/problems/convert-sorted-array-to-binary-search-tree,"Array, Divide and Conquer, Tree, Binary Search Tree, Binary Tree",01 Arrays & Hashing,,
34,EASY,Earliest Finish Time for Land and Water Rides I,34.6,https://leetcode.com/problems/earliest-finish-time-for-land-and-water-rides-i,"Array, Two Pointers, Binary Search, Greedy, Sorting",01 Arrays & Hashing,,
35,EASY,Find Common Characters,34.6,https://leetcode.com/problems/find-common-characters,"Array, Hash Table, String",01 Arrays & Hashing,,
36,EASY,Find Missing and Repeated Values,34.6,https://leetcode.com/problems/find-missing-and-repeated-values,"Array, Hash Table, Math, Matrix",01 Arrays & Hashing,,
37,EASY,Range Sum Query - Immutable,34.6,https://leetcode.com/problems/range-sum-query-immutable,"Array, Design, Prefix Sum",01 Arrays & Hashing,,
38,EASY,Rank Transform of an Array,34.6,https://leetcode.com/problems/rank-transform-of-an-array,"Array, Hash Table, Sorting",01 Arrays & Hashing,,
39,EASY,Ransom Note,34.6,https://leetcode.com/problems/ransom-note,"Hash Table, String, Counting",01 Arrays & Hashing,,
40,EASY,Set Mismatch,34.6,https://leetcode.com/problems/set-mismatch,"Array, Hash Table, Bit Manipulation, Sorting",01 Arrays & Hashing,,
41,EASY,Assign Cookies,28.9,https://leetcode.com/problems/assign-cookies,"Array, Two Pointers, Greedy, Sorting, Quicksort",01 Arrays & Hashing,,
42,EASY,Build Array from Permutation,28.9,https://leetcode.com/problems/build-array-from-permutation,"Array, Simulation",01 Arrays & Hashing,,
43,EASY,Count the Number of Special Characters I,28.9,https://leetcode.com/problems/count-the-number-of-special-characters-i,"Hash Table, String",01 Arrays & Hashing,,
44,EASY,Intersection of Two Linked Lists,28.9,https://leetcode.com/problems/intersection-of-two-linked-lists,"Hash Table, Linked List, Two Pointers",01 Arrays & Hashing,,
45,EASY,Maximum Length Substring With Two Occurrences,28.9,https://leetcode.com/problems/maximum-length-substring-with-two-occurrences,"Hash Table, String, Sliding Window",01 Arrays & Hashing,,
46,EASY,Maximum Number of Balloons,28.9,https://leetcode.com/problems/maximum-number-of-balloons,"Hash Table, String, Counting",01 Arrays & Hashing,,
47,EASY,Missing Number,28.9,https://leetcode.com/problems/missing-number,"Array, Hash Table, Math, Binary Search, Bit Manipulation, Sorting",01 Arrays & Hashing,,
48,EASY,Plus One,28.9,https://leetcode.com/problems/plus-one,"Array, Math",01 Arrays & Hashing,,
49,EASY,Row With Maximum Ones,28.9,https://leetcode.com/problems/row-with-maximum-ones,"Array, Matrix",01 Arrays & Hashing,,
50,EASY,Shuffle the Array,28.9,https://leetcode.com/problems/shuffle-the-array,Array,01 Arrays & Hashing,,
51,EASY,Smallest Missing Integer Greater Than Sequential Prefix Sum,28.9,https://leetcode.com/problems/smallest-missing-integer-greater-than-sequential-prefix-sum,"Array, Hash Table, Sorting",01 Arrays & Hashing,,
52,EASY,Array Partition,21.2,https://leetcode.com/problems/array-partition,"Array, Greedy, Sorting, Counting Sort",01 Arrays & Hashing,,
53,EASY,Can Make Arithmetic Progression From Sequence,21.2,https://leetcode.com/problems/can-make-arithmetic-progression-from-sequence,"Array, Sorting",01 Arrays & Hashing,,
54,EASY,Can Place Flowers,21.2,https://leetcode.com/problems/can-place-flowers,"Array, Greedy",01 Arrays & Hashing,,
55,EASY,Design HashMap,21.2,https://leetcode.com/problems/design-hashmap,"Array, Hash Table, Linked List, Design, Hash Function",01 Arrays & Hashing,,
56,EASY,Final Prices With a Special Discount in a Shop,21.2,https://leetcode.com/problems/final-prices-with-a-special-discount-in-a-shop,"Array, Stack, Monotonic Stack",01 Arrays & Hashing,,
57,EASY,Find the Highest Altitude,21.2,https://leetcode.com/problems/find-the-highest-altitude,"Array, Prefix Sum",01 Arrays & Hashing,,
58,EASY,Intersection of Two Arrays II,21.2,https://leetcode.com/problems/intersection-of-two-arrays-ii,"Array, Hash Table, Two Pointers, Binary Search, Sorting",01 Arrays & Hashing,,
59,EASY,Jewels and Stones,21.2,https://leetcode.com/problems/jewels-and-stones,"Hash Table, String",01 Arrays & Hashing,,
60,EASY,Kids With the Greatest Number of Candies,21.2,https://leetcode.com/problems/kids-with-the-greatest-number-of-candies,Array,01 Arrays & Hashing,,
61,EASY,Min Cost Climbing Stairs,21.2,https://leetcode.com/problems/min-cost-climbing-stairs,"Array, Dynamic Programming",01 Arrays & Hashing,,
62,EASY,Minimum Absolute Difference,21.2,https://leetcode.com/problems/minimum-absolute-difference,"Array, Sorting",01 Arrays & Hashing,,
63,EASY,Minimum Cost of Buying Candies With Discount,21.2,https://leetcode.com/problems/minimum-cost-of-buying-candies-with-discount,"Array, Greedy, Sorting",01 Arrays & Hashing,,
64,EASY,Minimum Number Game,21.2,https://leetcode.com/problems/minimum-number-game,"Array, Sorting, Heap (Priority Queue), Simulation",01 Arrays & Hashing,,
65,EASY,Number of Good Pairs,21.2,https://leetcode.com/problems/number-of-good-pairs,"Array, Hash Table, Math, Counting",01 Arrays & Hashing,,
66,EASY,Number of Strings That Appear as Substrings in Word,21.2,https://leetcode.com/problems/number-of-strings-that-appear-as-substrings-in-word,"Array, String",01 Arrays & Hashing,,
67,EASY,Reshape the Matrix,21.2,https://leetcode.com/problems/reshape-the-matrix,"Array, Matrix, Simulation",01 Arrays & Hashing,,
68,EASY,Summary Ranges,21.2,https://leetcode.com/problems/summary-ranges,Array,01 Arrays & Hashing,,
69,EASY,Verifying an Alien Dictionary,21.2,https://leetcode.com/problems/verifying-an-alien-dictionary,"Array, Hash Table, String",01 Arrays & Hashing,,
70,MEDIUM,Longest Substring Without Repeating Characters,82,https://leetcode.com/problems/longest-substring-without-repeating-characters,"Hash Table, String, Sliding Window",01 Arrays & Hashing,,
71,MEDIUM,Maximum Coins From K Consecutive Bags,81,https://leetcode.com/problems/maximum-coins-from-k-consecutive-bags,"Array, Binary Search, Greedy, Sliding Window, Sorting, Prefix Sum",01 Arrays & Hashing,,
72,MEDIUM,Group Anagrams,76.1,https://leetcode.com/problems/group-anagrams,"Array, Hash Table, String, Sorting",01 Arrays & Hashing,,
73,MEDIUM,Fruit Into Baskets,73.9,https://leetcode.com/problems/fruit-into-baskets,"Array, Hash Table, Sliding Window",01 Arrays & Hashing,,
74,MEDIUM,LRU Cache,73.9,https://leetcode.com/problems/lru-cache,"Hash Table, Linked List, Design, Doubly-Linked List",01 Arrays & Hashing,,
75,MEDIUM,3Sum,73.1,https://leetcode.com/problems/3sum,"Array, Two Pointers, Sorting",01 Arrays & Hashing,,
76,MEDIUM,Koko Eating Bananas,72.3,https://leetcode.com/problems/koko-eating-bananas,"Array, Binary Search",01 Arrays & Hashing,,
77,MEDIUM,Number of Islands,72.3,https://leetcode.com/problems/number-of-islands,"Array, Depth-First Search, Breadth-First Search, Union-Find, Matrix",01 Arrays & Hashing,,
78,MEDIUM,Merge Intervals,68.7,https://leetcode.com/problems/merge-intervals,"Array, Sorting, Quicksort",01 Arrays & Hashing,,
79,MEDIUM,Container With Most Water,66.6,https://leetcode.com/problems/container-with-most-water,"Array, Two Pointers, Greedy",01 Arrays & Hashing,,
80,MEDIUM,Reorganize String,66.6,https://leetcode.com/problems/reorganize-string,"Hash Table, String, Greedy, Sorting, Heap (Priority Queue), Counting",01 Arrays & Hashing,,
81,MEDIUM,Rotting Oranges,66.6,https://leetcode.com/problems/rotting-oranges,"Array, Breadth-First Search, Matrix",01 Arrays & Hashing,,
82,MEDIUM,Top K Frequent Elements,66.6,https://leetcode.com/problems/top-k-frequent-elements,"Array, Hash Table, Divide and Conquer, Sorting, Heap (Priority Queue), Bucket Sort, Counting, Quickselect",01 Arrays & Hashing,,
83,MEDIUM,Longest Consecutive Sequence,65.5,https://leetcode.com/problems/longest-consecutive-sequence,"Array, Hash Table, Union-Find",01 Arrays & Hashing,,
84,MEDIUM,Search in Rotated Sorted Array,65.5,https://leetcode.com/problems/search-in-rotated-sorted-array,"Array, Binary Search",01 Arrays & Hashing,,
85,MEDIUM,Maximum Subarray,63,https://leetcode.com/problems/maximum-subarray,"Array, Divide and Conquer, Dynamic Programming",01 Arrays & Hashing,,
86,MEDIUM,Sort Colors,61.7,https://leetcode.com/problems/sort-colors,"Array, Two Pointers, Sorting, Quicksort, Bubble Sort",01 Arrays & Hashing,,
87,MEDIUM,Subsets,61.7,https://leetcode.com/problems/subsets,"Array, Backtracking, Bit Manipulation",01 Arrays & Hashing,,
88,MEDIUM,Copy List with Random Pointer,60.3,https://leetcode.com/problems/copy-list-with-random-pointer,"Hash Table, Linked List",01 Arrays & Hashing,,
89,MEDIUM,Two Sum II - Input Array Is Sorted,60.3,https://leetcode.com/problems/two-sum-ii-input-array-is-sorted,"Array, Two Pointers, Binary Search",01 Arrays & Hashing,,
90,MEDIUM,Find First and Last Position of Element in Sorted Array,58.7,https://leetcode.com/problems/find-first-and-last-position-of-element-in-sorted-array,"Array, Binary Search",01 Arrays & Hashing,,
91,MEDIUM,Letter Combinations of a Phone Number,58.7,https://leetcode.com/problems/letter-combinations-of-a-phone-number,"Hash Table, String, Backtracking",01 Arrays & Hashing,,
92,MEDIUM,3Sum Closest,57.1,https://leetcode.com/problems/3sum-closest,"Array, Two Pointers, Sorting",01 Arrays & Hashing,,
93,MEDIUM,Subarray Sum Equals K,57.1,https://leetcode.com/problems/subarray-sum-equals-k,"Array, Hash Table, Prefix Sum",01 Arrays & Hashing,,
94,MEDIUM,Permutations,55.3,https://leetcode.com/problems/permutations,"Array, Backtracking",01 Arrays & Hashing,,
95,MEDIUM,Product of Array Except Self,55.3,https://leetcode.com/problems/product-of-array-except-self,"Array, Prefix Sum",01 Arrays & Hashing,,
96,MEDIUM,Capacity To Ship Packages Within D Days,53.3,https://leetcode.com/problems/capacity-to-ship-packages-within-d-days,"Array, Binary Search",01 Arrays & Hashing,,
97,MEDIUM,House Robber,53.3,https://leetcode.com/problems/house-robber,"Array, Dynamic Programming",01 Arrays & Hashing,,
98,MEDIUM,Minimum Operations to Make Array Non Decreasing,53.3,https://leetcode.com/problems/minimum-operations-to-make-array-non-decreasing,"Array, Greedy",01 Arrays & Hashing,,
99,MEDIUM,4Sum,51.1,https://leetcode.com/problems/4sum,"Array, Two Pointers, Sorting",01 Arrays & Hashing,,
100,MEDIUM,Asteroid Collision,51.1,https://leetcode.com/problems/asteroid-collision,"Array, Stack, Simulation",01 Arrays & Hashing,,
101,MEDIUM,Boats to Save People,51.1,https://leetcode.com/problems/boats-to-save-people,"Array, Two Pointers, Greedy, Sorting, Timsort",01 Arrays & Hashing,,
102,MEDIUM,Jump Game,51.1,https://leetcode.com/problems/jump-game,"Array, Dynamic Programming, Greedy",01 Arrays & Hashing,,
103,MEDIUM,Coin Change,48.7,https://leetcode.com/problems/coin-change,"Array, Dynamic Programming, Breadth-First Search, Knapsack Problem, Complete Knapsack",01 Arrays & Hashing,,
104,MEDIUM,Maximum Product Subarray,48.7,https://leetcode.com/problems/maximum-product-subarray,"Array, Dynamic Programming",01 Arrays & Hashing,,
105,MEDIUM,Meeting Rooms II,48.7,https://leetcode.com/problems/meeting-rooms-ii,"Array, Two Pointers, Greedy, Sorting, Heap (Priority Queue), Prefix Sum",01 Arrays & Hashing,,
106,MEDIUM,Rotate Array,48.7,https://leetcode.com/problems/rotate-array,"Array, Math, Two Pointers",01 Arrays & Hashing,,
107,MEDIUM,Rotate Image,48.7,https://leetcode.com/problems/rotate-image,"Array, Math, Matrix",01 Arrays & Hashing,,
108,MEDIUM,Set Matrix Zeroes,48.7,https://leetcode.com/problems/set-matrix-zeroes,"Array, Hash Table, Matrix",01 Arrays & Hashing,,
109,MEDIUM,Single Element in a Sorted Array,48.7,https://leetcode.com/problems/single-element-in-a-sorted-array,"Array, Binary Search",01 Arrays & Hashing,,
110,MEDIUM,Task Scheduler,48.7,https://leetcode.com/problems/task-scheduler,"Array, Hash Table, Greedy, Sorting, Heap (Priority Queue), Counting",01 Arrays & Hashing,,
111,MEDIUM,Maximum Ice Cream Bars,46,https://leetcode.com/problems/maximum-ice-cream-bars,"Array, Greedy, Sorting, Counting Sort",01 Arrays & Hashing,,
112,MEDIUM,Spiral Matrix,46,https://leetcode.com/problems/spiral-matrix,"Array, Matrix, Simulation",01 Arrays & Hashing,,
113,MEDIUM,Word Search,46,https://leetcode.com/problems/word-search,"Array, String, Backtracking, Depth-First Search, Matrix",01 Arrays & Hashing,,
114,MEDIUM,Daily Temperatures,42.8,https://leetcode.com/problems/daily-temperatures,"Array, Stack, Monotonic Stack",01 Arrays & Hashing,,
115,MEDIUM,Find Minimum in Rotated Sorted Array,42.8,https://leetcode.com/problems/find-minimum-in-rotated-sorted-array,"Array, Binary Search",01 Arrays & Hashing,,
116,MEDIUM,Largest Number,42.8,https://leetcode.com/problems/largest-number,"Array, String, Greedy, Sorting",01 Arrays & Hashing,,
117,MEDIUM,Length of Longest Subarray With at Most K Frequency,42.8,https://leetcode.com/problems/length-of-longest-subarray-with-at-most-k-frequency,"Array, Hash Table, Sliding Window",01 Arrays & Hashing,,
118,MEDIUM,Open the Lock,42.8,https://leetcode.com/problems/open-the-lock,"Array, Hash Table, String, Breadth-First Search, Bidirectional Search",01 Arrays & Hashing,,
119,MEDIUM,Partition Equal Subset Sum,42.8,https://leetcode.com/problems/partition-equal-subset-sum,"Array, Dynamic Programming, Knapsack Problem, 0-1 Knapsack",01 Arrays & Hashing,,
120,MEDIUM,Predict the Winner,42.8,https://leetcode.com/problems/predict-the-winner,"Array, Math, Dynamic Programming, Recursion, Minimax, Game Theory, Zero-Sum Game",01 Arrays & Hashing,,
121,MEDIUM,Search a 2D Matrix II,42.8,https://leetcode.com/problems/search-a-2d-matrix-ii,"Array, Binary Search, Divide and Conquer, Matrix",01 Arrays & Hashing,,
122,MEDIUM,Sum of Subarray Minimums,42.8,https://leetcode.com/problems/sum-of-subarray-minimums,"Array, Dynamic Programming, Stack, Monotonic Stack",01 Arrays & Hashing,,
123,MEDIUM,Find the Duplicate Number,39.1,https://leetcode.com/problems/find-the-duplicate-number,"Array, Two Pointers, Binary Search, Bit Manipulation, Pigeonhole Principle, Floyd's Cycle Finding Algorithm",01 Arrays & Hashing,,
124,MEDIUM,Frequency of the Most Frequent Element,39.1,https://leetcode.com/problems/frequency-of-the-most-frequent-element,"Array, Binary Search, Greedy, Sliding Window, Sorting, Prefix Sum",01 Arrays & Hashing,,
125,MEDIUM,Insert Interval,39.1,https://leetcode.com/problems/insert-interval,Array,01 Arrays & Hashing,,
126,MEDIUM,Maximum Sum Circular Subarray,39.1,https://leetcode.com/problems/maximum-sum-circular-subarray,"Array, Divide and Conquer, Dynamic Programming, Queue, Monotonic Queue",01 Arrays & Hashing,,
127,MEDIUM,Next Permutation,39.1,https://leetcode.com/problems/next-permutation,"Array, Two Pointers",01 Arrays & Hashing,,
128,MEDIUM,Pacific Atlantic Water Flow,39.1,https://leetcode.com/problems/pacific-atlantic-water-flow,"Array, Depth-First Search, Breadth-First Search, Matrix",01 Arrays & Hashing,,
129,MEDIUM,Permutation in String,39.1,https://leetcode.com/problems/permutation-in-string,"Hash Table, Two Pointers, String, Sliding Window",01 Arrays & Hashing,,
130,MEDIUM,Remove Covered Intervals,39.1,https://leetcode.com/problems/remove-covered-intervals,"Array, Sorting",01 Arrays & Hashing,,
131,MEDIUM,Subsets II,39.1,https://leetcode.com/problems/subsets-ii,"Array, Backtracking, Bit Manipulation",01 Arrays & Hashing,,
132,MEDIUM,Sum of GCD of Formed Pairs,39.1,https://leetcode.com/problems/sum-of-gcd-of-formed-pairs,"Array, Math, Two Pointers, Sorting, Simulation, Number Theory",01 Arrays & Hashing,,
133,MEDIUM,Surrounded Regions,39.1,https://leetcode.com/problems/surrounded-regions,"Array, Depth-First Search, Breadth-First Search, Union-Find, Matrix",01 Arrays & Hashing,,
134,MEDIUM,Unique Paths II,39.1,https://leetcode.com/problems/unique-paths-ii,"Array, Dynamic Programming, Matrix",01 Arrays & Hashing,,
135,MEDIUM,Valid Sudoku,39.1,https://leetcode.com/problems/valid-sudoku,"Array, Hash Table, Matrix",01 Arrays & Hashing,,
136,MEDIUM,Word Break,39.1,https://leetcode.com/problems/word-break,"Array, Hash Table, String, Dynamic Programming, Trie, Memoization, Brute-Force Search",01 Arrays & Hashing,,
137,MEDIUM,Accounts Merge,34.6,https://leetcode.com/problems/accounts-merge,"Array, Hash Table, String, Depth-First Search, Breadth-First Search, Union-Find, Sorting",01 Arrays & Hashing,,
138,MEDIUM,All Nodes Distance K in Binary Tree,34.6,https://leetcode.com/problems/all-nodes-distance-k-in-binary-tree,"Hash Table, Tree, Depth-First Search, Breadth-First Search, Binary Tree",01 Arrays & Hashing,,
139,MEDIUM,Best Time to Buy and Sell Stock II,34.6,https://leetcode.com/problems/best-time-to-buy-and-sell-stock-ii,"Array, Dynamic Programming, Greedy",01 Arrays & Hashing,,
140,MEDIUM,Count Subarrays With Majority Element I,34.6,https://leetcode.com/problems/count-subarrays-with-majority-element-i,"Array, Hash Table, Divide and Conquer, Segment Tree, Merge Sort, Counting, Prefix Sum",01 Arrays & Hashing,,
141,MEDIUM,Create Binary Tree From Descriptions,34.6,https://leetcode.com/problems/create-binary-tree-from-descriptions,"Array, Hash Table, Tree, Binary Tree",01 Arrays & Hashing,,
142,MEDIUM,Design Circular Queue,34.6,https://leetcode.com/problems/design-circular-queue,"Array, Linked List, Design, Queue",01 Arrays & Hashing,,
143,MEDIUM,Evaluate Reverse Polish Notation,34.6,https://leetcode.com/problems/evaluate-reverse-polish-notation,"Array, Math, Stack",01 Arrays & Hashing,,
144,MEDIUM,Find Peak Element,34.6,https://leetcode.com/problems/find-peak-element,"Array, Binary Search",01 Arrays & Hashing,,
145,MEDIUM,First Unique Number,34.6,https://leetcode.com/problems/first-unique-number,"Array, Hash Table, Design, Queue, Data Stream",01 Arrays & Hashing,,
146,MEDIUM,Insert Delete GetRandom O(1),34.6,https://leetcode.com/problems/insert-delete-getrandom-o1,"Array, Hash Table, Math, Design, Randomized",01 Arrays & Hashing,,
147,MEDIUM,Longest Repeating Character Replacement,34.6,https://leetcode.com/problems/longest-repeating-character-replacement,"Hash Table, String, Sliding Window",01 Arrays & Hashing,,
148,MEDIUM,Magnetic Force Between Two Balls,34.6,https://leetcode.com/problems/magnetic-force-between-two-balls,"Array, Binary Search, Sorting",01 Arrays & Hashing,,
149,MEDIUM,Majority Element II,34.6,https://leetcode.com/problems/majority-element-ii,"Array, Hash Table, Sorting, Counting, Boyer–Moore Majority Vote Algorithm",01 Arrays & Hashing,,
150,MEDIUM,Minimum Number of Days to Make m Bouquets,34.6,https://leetcode.com/problems/minimum-number-of-days-to-make-m-bouquets,"Array, Binary Search",01 Arrays & Hashing,,
151,MEDIUM,Next Greater Element II,34.6,https://leetcode.com/problems/next-greater-element-ii,"Array, Stack, Monotonic Stack",01 Arrays & Hashing,,
152,MEDIUM,Permutations II,34.6,https://leetcode.com/problems/permutations-ii,"Array, Backtracking, Sorting",01 Arrays & Hashing,,
153,MEDIUM,Random Pick with Weight,34.6,https://leetcode.com/problems/random-pick-with-weight,"Array, Math, Binary Search, Prefix Sum, Randomized",01 Arrays & Hashing,,
154,MEDIUM,Remove Duplicates from Sorted Array II,34.6,https://leetcode.com/problems/remove-duplicates-from-sorted-array-ii,"Array, Two Pointers",01 Arrays & Hashing,,
155,MEDIUM,Search a 2D Matrix,34.6,https://leetcode.com/problems/search-a-2d-matrix,"Array, Binary Search, Matrix",01 Arrays & Hashing,,
156,MEDIUM,Search in Rotated Sorted Array II,34.6,https://leetcode.com/problems/search-in-rotated-sorted-array-ii,"Array, Binary Search",01 Arrays & Hashing,,
157,MEDIUM,132 Pattern,28.9,https://leetcode.com/problems/132-pattern,"Array, Binary Search, Stack, Monotonic Stack, Ordered Set",01 Arrays & Hashing,,
158,MEDIUM,Coin Change II,28.9,https://leetcode.com/problems/coin-change-ii,"Array, Dynamic Programming, Knapsack Problem, Complete Knapsack",01 Arrays & Hashing,,
159,MEDIUM,Construct Binary Tree from Preorder and Inorder Traversal,28.9,https://leetcode.com/problems/construct-binary-tree-from-preorder-and-inorder-traversal,"Array, Hash Table, Divide and Conquer, Tree, Binary Tree",01 Arrays & Hashing,,
160,MEDIUM,Contiguous Array,28.9,https://leetcode.com/problems/contiguous-array,"Array, Hash Table, Prefix Sum",01 Arrays & Hashing,,
161,MEDIUM,Count Primes,28.9,https://leetcode.com/problems/count-primes,"Array, Math, Enumeration, Number Theory, Primality Test, Sieve Theory, Prime Number Sieve",01 Arrays & Hashing,,
162,MEDIUM,Earliest Finish Time for Land and Water Rides II,28.9,https://leetcode.com/problems/earliest-finish-time-for-land-and-water-rides-ii,"Array, Two Pointers, Binary Search, Greedy, Sorting",01 Arrays & Hashing,,
163,MEDIUM,Evaluate Division,28.9,https://leetcode.com/problems/evaluate-division,"Array, String, Depth-First Search, Breadth-First Search, Union-Find, Graph Theory, Shortest Path, Bellman–Ford Algorithm, Floyd–Warshall Algorithm",01 Arrays & Hashing,,
164,MEDIUM,Find All Anagrams in a String,28.9,https://leetcode.com/problems/find-all-anagrams-in-a-string,"Hash Table, String, Sliding Window",01 Arrays & Hashing,,
165,MEDIUM,Find the Smallest Divisor Given a Threshold,28.9,https://leetcode.com/problems/find-the-smallest-divisor-given-a-threshold,"Array, Binary Search",01 Arrays & Hashing,,
166,MEDIUM,Gas Station,28.9,https://leetcode.com/problems/gas-station,"Array, Greedy",01 Arrays & Hashing,,
167,MEDIUM,Integer to Roman,28.9,https://leetcode.com/problems/integer-to-roman,"Hash Table, Math, String",01 Arrays & Hashing,,
168,MEDIUM,Jump Game II,28.9,https://leetcode.com/problems/jump-game-ii,"Array, Dynamic Programming, Greedy",01 Arrays & Hashing,,
169,MEDIUM,K Closest Points to Origin,28.9,https://leetcode.com/problems/k-closest-points-to-origin,"Array, Math, Divide and Conquer, Geometry, Sorting, Heap (Priority Queue), Quickselect, K-D Tree",01 Arrays & Hashing,,
170,MEDIUM,Kth Largest Element in an Array,28.9,https://leetcode.com/problems/kth-largest-element-in-an-array,"Array, Divide and Conquer, Sorting, Heap (Priority Queue), Quickselect",01 Arrays & Hashing,,
171,MEDIUM,Linked List Cycle II,28.9,https://leetcode.com/problems/linked-list-cycle-ii,"Hash Table, Linked List, Two Pointers, Floyd's Cycle Finding Algorithm",01 Arrays & Hashing,,
172,MEDIUM,Longest Arithmetic Sequence After Changing At Most One Element,28.9,https://leetcode.com/problems/longest-arithmetic-sequence-after-changing-at-most-one-element,"Array, Enumeration",01 Arrays & Hashing,,
173,MEDIUM,Longest Increasing Subsequence,28.9,https://leetcode.com/problems/longest-increasing-subsequence,"Array, Binary Search, Dynamic Programming, Longest Increasing Subsequence",01 Arrays & Hashing,,
174,MEDIUM,Longest Substring with At Least K Repeating Characters,28.9,https://leetcode.com/problems/longest-substring-with-at-least-k-repeating-characters,"Hash Table, String, Divide and Conquer, Sliding Window",01 Arrays & Hashing,,
175,MEDIUM,Max Area of Island,28.9,https://leetcode.com/problems/max-area-of-island,"Array, Depth-First Search, Breadth-First Search, Union-Find, Matrix",01 Arrays & Hashing,,
176,MEDIUM,Max Consecutive Ones III,28.9,https://leetcode.com/problems/max-consecutive-ones-iii,"Array, Binary Search, Sliding Window, Prefix Sum",01 Arrays & Hashing,,
177,MEDIUM,Maximum K to Sort a Permutation,28.9,https://leetcode.com/problems/maximum-k-to-sort-a-permutation,"Array, Bit Manipulation",01 Arrays & Hashing,,
178,MEDIUM,Maximum Points You Can Obtain from Cards,28.9,https://leetcode.com/problems/maximum-points-you-can-obtain-from-cards,"Array, Sliding Window, Prefix Sum",01 Arrays & Hashing,,
179,MEDIUM,Minimum Operations to Sort a Permutation,28.9,https://leetcode.com/problems/minimum-operations-to-sort-a-permutation,Array,01 Arrays & Hashing,,
180,MEDIUM,Minimum Size Subarray Sum,28.9,https://leetcode.com/problems/minimum-size-subarray-sum,"Array, Binary Search, Sliding Window, Prefix Sum",01 Arrays & Hashing,,
181,MEDIUM,Non-overlapping Intervals,28.9,https://leetcode.com/problems/non-overlapping-intervals,"Array, Dynamic Programming, Greedy, Sorting",01 Arrays & Hashing,,
182,MEDIUM,Pancake Sorting,28.9,https://leetcode.com/problems/pancake-sorting,"Array, Two Pointers, Greedy, Sorting",01 Arrays & Hashing,,
183,MEDIUM,Rearrange Array Elements by Sign,28.9,https://leetcode.com/problems/rearrange-array-elements-by-sign,"Array, Two Pointers, Simulation",01 Arrays & Hashing,,
184,MEDIUM,Stone Game II,28.9,https://leetcode.com/problems/stone-game-ii,"Array, Math, Dynamic Programming, Minimax, Prefix Sum, Game Theory, Zero-Sum Game",01 Arrays & Hashing,,
185,MEDIUM,Top K Frequent Words,28.9,https://leetcode.com/problems/top-k-frequent-words,"Array, Hash Table, String, Trie, Sorting, Heap (Priority Queue), Bucket Sort, Counting",01 Arrays & Hashing,,
186,MEDIUM,Amount of Time for Binary Tree to Be Infected,21.2,https://leetcode.com/problems/amount-of-time-for-binary-tree-to-be-infected,"Hash Table, Tree, Depth-First Search, Breadth-First Search, Binary Tree",01 Arrays & Hashing,,
187,MEDIUM,Analyze User Website Visit Pattern,21.2,https://leetcode.com/problems/analyze-user-website-visit-pattern,"Array, Hash Table, String, Sorting",01 Arrays & Hashing,,
188,MEDIUM,Best Sightseeing Pair,21.2,https://leetcode.com/problems/best-sightseeing-pair,"Array, Dynamic Programming",01 Arrays & Hashing,,
189,MEDIUM,Best Time to Buy and Sell Stock with Cooldown,21.2,https://leetcode.com/problems/best-time-to-buy-and-sell-stock-with-cooldown,"Array, Dynamic Programming",01 Arrays & Hashing,,
190,MEDIUM,Bulls and Cows,21.2,https://leetcode.com/problems/bulls-and-cows,"Hash Table, String, Counting",01 Arrays & Hashing,,
191,MEDIUM,Car Pooling,21.2,https://leetcode.com/problems/car-pooling,"Array, Sorting, Heap (Priority Queue), Simulation, Prefix Sum",01 Arrays & Hashing,,
192,MEDIUM,Clone Graph,21.2,https://leetcode.com/problems/clone-graph,"Hash Table, Depth-First Search, Breadth-First Search, Graph Theory",01 Arrays & Hashing,,
193,MEDIUM,Construct Binary Search Tree from Preorder Traversal,21.2,https://leetcode.com/problems/construct-binary-search-tree-from-preorder-traversal,"Array, Stack, Tree, Binary Search Tree, Monotonic Stack, Binary Tree",01 Arrays & Hashing,,
194,MEDIUM,Continuous Subarrays,21.2,https://leetcode.com/problems/continuous-subarrays,"Array, Queue, Sliding Window, Heap (Priority Queue), Ordered Set, Monotonic Queue",01 Arrays & Hashing,,
195,MEDIUM,Count Number of Nice Subarrays,21.2,https://leetcode.com/problems/count-number-of-nice-subarrays,"Array, Hash Table, Math, Sliding Window, Prefix Sum",01 Arrays & Hashing,,
196,MEDIUM,Delete and Earn,21.2,https://leetcode.com/problems/delete-and-earn,"Array, Hash Table, Dynamic Programming",01 Arrays & Hashing,,
197,MEDIUM,Design Authentication Manager,21.2,https://leetcode.com/problems/design-authentication-manager,"Hash Table, Linked List, Design, Doubly-Linked List",01 Arrays & Hashing,,
198,MEDIUM,Design Browser History,21.2,https://leetcode.com/problems/design-browser-history,"Array, Linked List, Stack, Design, Doubly-Linked List, Data Stream",01 Arrays & Hashing,,
199,MEDIUM,Detect Squares,21.2,https://leetcode.com/problems/detect-squares,"Array, Hash Table, Design, Counting, Data Stream",01 Arrays & Hashing,,
200,MEDIUM,Find All Possible Recipes from Given Supplies,21.2,https://leetcode.com/problems/find-all-possible-recipes-from-given-supplies,"Array, Hash Table, String, Graph Theory, Topological Sort, Directed Acyclic Graph",01 Arrays & Hashing,,
201,MEDIUM,Find K Closest Elements,21.2,https://leetcode.com/problems/find-k-closest-elements,"Array, Two Pointers, Binary Search, Sliding Window, Sorting, Heap (Priority Queue)",01 Arrays & Hashing,,
202,MEDIUM,Find the Maximum Number of Elements in Subset,21.2,https://leetcode.com/problems/find-the-maximum-number-of-elements-in-subset,"Array, Hash Table, Enumeration",01 Arrays & Hashing,,
203,MEDIUM,Find the Winner of the Circular Game,21.2,https://leetcode.com/problems/find-the-winner-of-the-circular-game,"Array, Math, Recursion, Queue, Simulation",01 Arrays & Hashing,,
204,MEDIUM,Increasing Triplet Subsequence,21.2,https://leetcode.com/problems/increasing-triplet-subsequence,"Array, Greedy, Longest Increasing Subsequence",01 Arrays & Hashing,,
205,MEDIUM,Kth Smallest Element in a Sorted Matrix,21.2,https://leetcode.com/problems/kth-smallest-element-in-a-sorted-matrix,"Array, Binary Search, Sorting, Heap (Priority Queue), Matrix",01 Arrays & Hashing,,
206,MEDIUM,Largest Divisible Subset,21.2,https://leetcode.com/problems/largest-divisible-subset,"Array, Math, Dynamic Programming, Sorting",01 Arrays & Hashing,,
207,MEDIUM,Max Number of K-Sum Pairs,21.2,https://leetcode.com/problems/max-number-of-k-sum-pairs,"Array, Hash Table, Two Pointers, Sorting",01 Arrays & Hashing,,
208,MEDIUM,Maximum Element After Decreasing and Rearranging,21.2,https://leetcode.com/problems/maximum-element-after-decreasing-and-rearranging,"Array, Greedy, Sorting",01 Arrays & Hashing,,
209,MEDIUM,Maximum Gap,21.2,https://leetcode.com/problems/maximum-gap,"Array, Sorting, Bucket Sort, Radix Sort, Pigeonhole Principle",01 Arrays & Hashing,,
210,MEDIUM,Maximum Sum of Distinct Subarrays With Length K,21.2,https://leetcode.com/problems/maximum-sum-of-distinct-subarrays-with-length-k,"Array, Hash Table, Sliding Window",01 Arrays & Hashing,,
211,MEDIUM,Maximum White Tiles Covered by a Carpet,21.2,https://leetcode.com/problems/maximum-white-tiles-covered-by-a-carpet,"Array, Binary Search, Greedy, Sliding Window, Sorting, Prefix Sum",01 Arrays & Hashing,,
212,MEDIUM,Minimum Number of Pushes to Type Word II,21.2,https://leetcode.com/problems/minimum-number-of-pushes-to-type-word-ii,"Hash Table, String, Greedy, Sorting, Counting",01 Arrays & Hashing,,
213,MEDIUM,Minimum Operations to Reduce X to Zero,21.2,https://leetcode.com/problems/minimum-operations-to-reduce-x-to-zero,"Array, Hash Table, Binary Search, Sliding Window, Prefix Sum",01 Arrays & Hashing,,
214,MEDIUM,Minimum Path Sum,21.2,https://leetcode.com/problems/minimum-path-sum,"Array, Dynamic Programming, Matrix",01 Arrays & Hashing,,
215,MEDIUM,Minimum Swaps to Group All 1's Together,21.2,https://leetcode.com/problems/minimum-swaps-to-group-all-1s-together,"Array, Sliding Window",01 Arrays & Hashing,,
216,MEDIUM,Number of Longest Increasing Subsequence,21.2,https://leetcode.com/problems/number-of-longest-increasing-subsequence,"Array, Dynamic Programming, Binary Indexed Tree, Segment Tree, Longest Increasing Subsequence",01 Arrays & Hashing,,
217,MEDIUM,Number of Unique XOR Triplets II,21.2,https://leetcode.com/problems/number-of-unique-xor-triplets-ii,"Array, Math, Bit Manipulation, Enumeration",01 Arrays & Hashing,,
218,MEDIUM,Ones and Zeroes,21.2,https://leetcode.com/problems/ones-and-zeroes,"Array, String, Dynamic Programming, Knapsack Problem, 0-1 Knapsack",01 Arrays & Hashing,,
219,MEDIUM,Optimal Partition of String,21.2,https://leetcode.com/problems/optimal-partition-of-string,"Hash Table, String, Greedy",01 Arrays & Hashing,,
220,MEDIUM,Partition Array According to Given Pivot,21.2,https://leetcode.com/problems/partition-array-according-to-given-pivot,"Array, Two Pointers, Simulation",01 Arrays & Hashing,,
221,MEDIUM,Partition Array Such That Maximum Difference Is K,21.2,https://leetcode.com/problems/partition-array-such-that-maximum-difference-is-k,"Array, Greedy, Sorting",01 Arrays & Hashing,,
222,MEDIUM,Path With Minimum Effort,21.2,https://leetcode.com/problems/path-with-minimum-effort,"Array, Binary Search, Depth-First Search, Breadth-First Search, Union-Find, Heap (Priority Queue), Matrix, Dijkstra's Algorithm",01 Arrays & Hashing,,
223,MEDIUM,Range Sum Query 2D - Immutable,21.2,https://leetcode.com/problems/range-sum-query-2d-immutable,"Array, Design, Matrix, Prefix Sum",01 Arrays & Hashing,,
224,MEDIUM,Remove Sub-Folders from the Filesystem,21.2,https://leetcode.com/problems/remove-sub-folders-from-the-filesystem,"Array, String, Depth-First Search, Trie",01 Arrays & Hashing,,
225,MEDIUM,Sell Diminishing-Valued Colored Balls,21.2,https://leetcode.com/problems/sell-diminishing-valued-colored-balls,"Array, Math, Binary Search, Greedy, Sorting, Heap (Priority Queue)",01 Arrays & Hashing,,
226,MEDIUM,Single Number II,21.2,https://leetcode.com/problems/single-number-ii,"Array, Bit Manipulation",01 Arrays & Hashing,,
227,MEDIUM,Single Number III,21.2,https://leetcode.com/problems/single-number-iii,"Array, Bit Manipulation",01 Arrays & Hashing,,
228,MEDIUM,Single-Threaded CPU,21.2,https://leetcode.com/problems/single-threaded-cpu,"Array, Sorting, Heap (Priority Queue)",01 Arrays & Hashing,,
229,MEDIUM,Spiral Matrix II,21.2,https://leetcode.com/problems/spiral-matrix-ii,"Array, Matrix, Simulation",01 Arrays & Hashing,,
230,MEDIUM,Subarray Product Less Than K,21.2,https://leetcode.com/problems/subarray-product-less-than-k,"Array, Binary Search, Sliding Window, Prefix Sum",01 Arrays & Hashing,,
231,MEDIUM,Subarray Sums Divisible by K,21.2,https://leetcode.com/problems/subarray-sums-divisible-by-k,"Array, Hash Table, Prefix Sum",01 Arrays & Hashing,,
232,MEDIUM,Sum of Beauty of All Substrings,21.2,https://leetcode.com/problems/sum-of-beauty-of-all-substrings,"Hash Table, String, Counting",01 Arrays & Hashing,,
233,MEDIUM,Sum of Subarray Ranges,21.2,https://leetcode.com/problems/sum-of-subarray-ranges,"Array, Stack, Monotonic Stack",01 Arrays & Hashing,,
234,MEDIUM,Target Sum,21.2,https://leetcode.com/problems/target-sum,"Array, Dynamic Programming, Backtracking, Knapsack Problem, 0-1 Knapsack",01 Arrays & Hashing,,
235,MEDIUM,Time Based Key-Value Store,21.2,https://leetcode.com/problems/time-based-key-value-store,"Hash Table, String, Binary Search, Design",01 Arrays & Hashing,,
236,HARD,Trapping Rain Water,84,https://leetcode.com/problems/trapping-rain-water,"Array, Two Pointers, Dynamic Programming, Stack, Monotonic Stack",01 Arrays & Hashing,,
237,HARD,Median of Two Sorted Arrays,70.5,https://leetcode.com/problems/median-of-two-sorted-arrays,"Array, Binary Search, Divide and Conquer",01 Arrays & Hashing,,
238,HARD,Minimum Window Substring,65.5,https://leetcode.com/problems/minimum-window-substring,"Hash Table, String, Sliding Window",01 Arrays & Hashing,,
239,HARD,Sliding Window Maximum,57.1,https://leetcode.com/problems/sliding-window-maximum,"Array, Queue, Sliding Window, Heap (Priority Queue), Monotonic Queue, Range Minimum/Maximum Query",01 Arrays & Hashing,,
240,HARD,Largest Rectangle in Histogram,53.3,https://leetcode.com/problems/largest-rectangle-in-histogram,"Array, Stack, Monotonic Stack, Range Minimum/Maximum Query",01 Arrays & Hashing,,
241,HARD,Sum of Total Strength of Wizards,53.3,https://leetcode.com/problems/sum-of-total-strength-of-wizards,"Array, Stack, Monotonic Stack, Prefix Sum",01 Arrays & Hashing,,
242,HARD,Word Ladder,53.3,https://leetcode.com/problems/word-ladder,"Hash Table, String, Breadth-First Search, Bidirectional Search",01 Arrays & Hashing,,
243,HARD,First Missing Positive,51.1,https://leetcode.com/problems/first-missing-positive,"Array, Hash Table",01 Arrays & Hashing,,
244,HARD,Split Array Largest Sum,51.1,https://leetcode.com/problems/split-array-largest-sum,"Array, Binary Search, Dynamic Programming, Greedy, Prefix Sum",01 Arrays & Hashing,,
245,HARD,N-Queens,46,https://leetcode.com/problems/n-queens,"Array, Backtracking, Algorithm X",01 Arrays & Hashing,,
246,HARD,Burst Balloons,34.6,https://leetcode.com/problems/burst-balloons,"Array, Dynamic Programming",01 Arrays & Hashing,,
247,HARD,Sorted GCD Pair Queries,34.6,https://leetcode.com/problems/sorted-gcd-pair-queries,"Array, Hash Table, Math, Binary Search, Combinatorics, Counting, Number Theory, Prefix Sum, Euclidean Algorithm, Greatest Common Divisor",01 Arrays & Hashing,,
248,HARD,Substring with Concatenation of All Words,34.6,https://leetcode.com/problems/substring-with-concatenation-of-all-words,"Hash Table, String, Sliding Window",01 Arrays & Hashing,,
249,HARD,Word Search II,34.6,https://leetcode.com/problems/word-search-ii,"Array, String, Backtracking, Trie, Matrix",01 Arrays & Hashing,,
250,HARD,Allocate Mailboxes,28.9,https://leetcode.com/problems/allocate-mailboxes,"Array, Math, Dynamic Programming, Sorting",01 Arrays & Hashing,,
251,HARD,Best Time to Buy and Sell Stock IV,28.9,https://leetcode.com/problems/best-time-to-buy-and-sell-stock-iv,"Array, Dynamic Programming",01 Arrays & Hashing,,
252,HARD,Candy,28.9,https://leetcode.com/problems/candy,"Array, Greedy",01 Arrays & Hashing,,
253,HARD,Concatenated Words,28.9,https://leetcode.com/problems/concatenated-words,"Array, String, Dynamic Programming, Depth-First Search, Trie, Sorting",01 Arrays & Hashing,,
254,HARD,Minimum Adjacent Swaps for K Consecutive Ones,28.9,https://leetcode.com/problems/minimum-adjacent-swaps-for-k-consecutive-ones,"Array, Greedy, Sliding Window, Prefix Sum",01 Arrays & Hashing,,
255,HARD,Minimum Difficulty of a Job Schedule,28.9,https://leetcode.com/problems/minimum-difficulty-of-a-job-schedule,"Array, Dynamic Programming",01 Arrays & Hashing,,
256,HARD,Minimum Number of Taps to Open to Water a Garden,28.9,https://leetcode.com/problems/minimum-number-of-taps-to-open-to-water-a-garden,"Array, Dynamic Programming, Greedy",01 Arrays & Hashing,,
257,HARD,Network Recovery Pathways,28.9,https://leetcode.com/problems/network-recovery-pathways,"Array, Binary Search, Dynamic Programming, Graph Theory, Topological Sort, Heap (Priority Queue), Shortest Path",01 Arrays & Hashing,,
258,HARD,Reverse Pairs,28.9,https://leetcode.com/problems/reverse-pairs,"Array, Binary Search, Divide and Conquer, Binary Indexed Tree, Segment Tree, Merge Sort, Ordered Set, Treap",01 Arrays & Hashing,,
259,HARD,Stone Game III,28.9,https://leetcode.com/problems/stone-game-iii,"Array, Math, Dynamic Programming, Minimax, Game Theory, Zero-Sum Game",01 Arrays & Hashing,,
260,HARD,Vertical Order Traversal of a Binary Tree,28.9,https://leetcode.com/problems/vertical-order-traversal-of-a-binary-tree,"Hash Table, Tree, Depth-First Search, Breadth-First Search, Sorting, Binary Tree",01 Arrays & Hashing,,
261,HARD,Alien Dictionary,21.2,https://leetcode.com/problems/alien-dictionary,"Array, String, Depth-First Search, Breadth-First Search, Graph Theory, Topological Sort, Directed Acyclic Graph",01 Arrays & Hashing,,
262,HARD,Cherry Pickup,21.2,https://leetcode.com/problems/cherry-pickup,"Array, Dynamic Programming, Matrix",01 Arrays & Hashing,,
263,HARD,Cherry Pickup II,21.2,https://leetcode.com/problems/cherry-pickup-ii,"Array, Dynamic Programming, Matrix",01 Arrays & Hashing,,
264,HARD,Count of Range Sum,21.2,https://leetcode.com/problems/count-of-range-sum,"Array, Binary Search, Divide and Conquer, Binary Indexed Tree, Segment Tree, Merge Sort, Ordered Set, Treap",01 Arrays & Hashing,,
265,HARD,Design In-Memory File System,21.2,https://leetcode.com/problems/design-in-memory-file-system,"Hash Table, String, Design, Trie, Sorting",01 Arrays & Hashing,,
266,HARD,Employee Free Time,21.2,https://leetcode.com/problems/employee-free-time,"Array, Sweep Line, Sorting, Heap (Priority Queue)",01 Arrays & Hashing,,
267,HARD,Find the Number of Subsequences With Equal GCD,21.2,https://leetcode.com/problems/find-the-number-of-subsequences-with-equal-gcd,"Array, Math, Dynamic Programming, Number Theory, Euclidean Algorithm, Greatest Common Divisor",01 Arrays & Hashing,,
268,HARD,IPO,21.2,https://leetcode.com/problems/ipo,"Array, Greedy, Sorting, Heap (Priority Queue)",01 Arrays & Hashing,,
269,HARD,Jump Game IV,21.2,https://leetcode.com/problems/jump-game-iv,"Array, Hash Table, Breadth-First Search",01 Arrays & Hashing,,
270,HARD,Length of Longest V-Shaped Diagonal Segment,21.2,https://leetcode.com/problems/length-of-longest-v-shaped-diagonal-segment,"Array, Dynamic Programming, Memoization, Matrix",01 Arrays & Hashing,,
271,HARD,Longest Substring of One Repeating Character,21.2,https://leetcode.com/problems/longest-substring-of-one-repeating-character,"Array, String, Segment Tree, Ordered Set",01 Arrays & Hashing,,
272,HARD,Maximal Rectangle,21.2,https://leetcode.com/problems/maximal-rectangle,"Array, Dynamic Programming, Stack, Matrix, Monotonic Stack",01 Arrays & Hashing,,
273,HARD,Maximum Profit in Job Scheduling,21.2,https://leetcode.com/problems/maximum-profit-in-job-scheduling,"Array, Binary Search, Dynamic Programming, Sorting",01 Arrays & Hashing,,
274,HARD,Maximum Sum of 3 Non-Overlapping Subarrays,21.2,https://leetcode.com/problems/maximum-sum-of-3-non-overlapping-subarrays,"Array, Dynamic Programming, Sliding Window, Prefix Sum",01 Arrays & Hashing,,
275,HARD,Minimum Cost to Make Array Equal,21.2,https://leetcode.com/problems/minimum-cost-to-make-array-equal,"Array, Binary Search, Greedy, Sorting, Prefix Sum",01 Arrays & Hashing,,
276,HARD,Minimum Cost to Merge Stones,21.2,https://leetcode.com/problems/minimum-cost-to-merge-stones,"Array, Dynamic Programming, Prefix Sum",01 Arrays & Hashing,,
277,HARD,Minimum Number of Operations to Make Array Continuous,21.2,https://leetcode.com/problems/minimum-number-of-operations-to-make-array-continuous,"Array, Hash Table, Binary Search, Sliding Window",01 Arrays & Hashing,,
278,HARD,Painting the Walls,21.2,https://leetcode.com/problems/painting-the-walls,"Array, Dynamic Programming",01 Arrays & Hashing,,
279,HARD,Parallel Courses III,21.2,https://leetcode.com/problems/parallel-courses-iii,"Array, Dynamic Programming, Graph Theory, Topological Sort, Directed Acyclic Graph",01 Arrays & Hashing,,
280,HARD,Partition Array Into Two Arrays to Minimize Sum Difference,21.2,https://leetcode.com/problems/partition-array-into-two-arrays-to-minimize-sum-difference,"Array, Two Pointers, Binary Search, Dynamic Programming, Bit Manipulation, Meet in the Middle, Sorting, Ordered Set, Bitmask",01 Arrays & Hashing,,
281,HARD,Shortest Subarray with Sum at Least K,21.2,https://leetcode.com/problems/shortest-subarray-with-sum-at-least-k,"Array, Binary Search, Queue, Sliding Window, Heap (Priority Queue), Prefix Sum, Monotonic Queue",01 Arrays & Hashing,,
282,HARD,Sliding Window Median,21.2,https://leetcode.com/problems/sliding-window-median,"Array, Hash Table, Sliding Window, Heap (Priority Queue), Treap",01 Arrays & Hashing,,
283,HARD,Split Array With Same Average,21.2,https://leetcode.com/problems/split-array-with-same-average,"Array, Hash Table, Math, Dynamic Programming, Bit Manipulation, Meet in the Middle, Bitmask",01 Arrays & Hashing,,
284,HARD,Subarrays with K Different Integers,21.2,https://leetcode.com/problems/subarrays-with-k-different-integers,"Array, Hash Table, Sliding Window, Counting",01 Arrays & Hashing,,
285,HARD,Sudoku Solver,21.2,https://leetcode.com/problems/sudoku-solver,"Array, Hash Table, Backtracking, Matrix, Algorithm X, Dancing Links",01 Arrays & Hashing,,
286,HARD,Super Washing Machines,21.2,https://leetcode.com/problems/super-washing-machines,"Array, Greedy",01 Arrays & Hashing,,
287,HARD,Total Appeal of A String,21.2,https://leetcode.com/problems/total-appeal-of-a-string,"Hash Table, String, Dynamic Programming",01 Arrays & Hashing,,
288,MEDIUM,Sort List,34.6,https://leetcode.com/problems/sort-list,"Linked List, Two Pointers, Divide and Conquer, Sorting, Merge Sort",02 Sorting,,
289,MEDIUM,Insertion Sort List,21.2,https://leetcode.com/problems/insertion-sort-list,"Linked List, Sorting",02 Sorting,,
290,MEDIUM,Smallest Palindromic Rearrangement I,21.2,https://leetcode.com/problems/smallest-palindromic-rearrangement-i,"String, Sorting, Counting Sort",02 Sorting,,
291,HARD,Find Median from Data Stream,42.8,https://leetcode.com/problems/find-median-from-data-stream,"Two Pointers, Design, Sorting, Heap (Priority Queue), Data Stream",02 Sorting,,
292,EASY,Reverse String,51.1,https://leetcode.com/problems/reverse-string,"Two Pointers, String",03 Two Pointers & Prefix Sum,,
293,EASY,Valid Palindrome,51.1,https://leetcode.com/problems/valid-palindrome,"Two Pointers, String",03 Two Pointers & Prefix Sum,,
294,EASY,Find the Index of the First Occurrence in a String,46,https://leetcode.com/problems/find-the-index-of-the-first-occurrence-in-a-string,"Two Pointers, String, String Matching, Z Algorithm, Knuth–Morris–Pratt Algorithm, Boyer–Moore String-Search Algorithm",03 Two Pointers & Prefix Sum,,
295,EASY,Palindrome Linked List,42.8,https://leetcode.com/problems/palindrome-linked-list,"Linked List, Two Pointers, Stack, Recursion",03 Two Pointers & Prefix Sum,,
296,EASY,Middle of the Linked List,39.1,https://leetcode.com/problems/middle-of-the-linked-list,"Linked List, Two Pointers",03 Two Pointers & Prefix Sum,,
297,EASY,Is Subsequence,34.6,https://leetcode.com/problems/is-subsequence,"Two Pointers, String, Dynamic Programming",03 Two Pointers & Prefix Sum,,
298,EASY,Merge Strings Alternately,34.6,https://leetcode.com/problems/merge-strings-alternately,"Two Pointers, String",03 Two Pointers & Prefix Sum,,
299,EASY,Valid Palindrome II,34.6,https://leetcode.com/problems/valid-palindrome-ii,"Two Pointers, String, Greedy",03 Two Pointers & Prefix Sum,,
300,EASY,Reverse Words in a String III,28.9,https://leetcode.com/problems/reverse-words-in-a-string-iii,"Two Pointers, String",03 Two Pointers & Prefix Sum,,
301,EASY,Reverse Vowels of a String,21.2,https://leetcode.com/problems/reverse-vowels-of-a-string,"Two Pointers, String",03 Two Pointers & Prefix Sum,,
302,MEDIUM,Longest Palindromic Substring,71.4,https://leetcode.com/problems/longest-palindromic-substring,"Two Pointers, String, Dynamic Programming, Manacher",03 Two Pointers & Prefix Sum,,
303,MEDIUM,Remove Nth Node From End of List,51.1,https://leetcode.com/problems/remove-nth-node-from-end-of-list,"Linked List, Two Pointers",03 Two Pointers & Prefix Sum,,
304,MEDIUM,String Compression,42.8,https://leetcode.com/problems/string-compression,"Two Pointers, String",03 Two Pointers & Prefix Sum,,
305,MEDIUM,Remove Duplicates from Sorted List II,34.6,https://leetcode.com/problems/remove-duplicates-from-sorted-list-ii,"Linked List, Two Pointers",03 Two Pointers & Prefix Sum,,
306,MEDIUM,Rotate List,34.6,https://leetcode.com/problems/rotate-list,"Linked List, Two Pointers",03 Two Pointers & Prefix Sum,,
307,MEDIUM,Separate Black and White Balls,34.6,https://leetcode.com/problems/separate-black-and-white-balls,"Two Pointers, String, Greedy",03 Two Pointers & Prefix Sum,,
308,MEDIUM,Partition List,28.9,https://leetcode.com/problems/partition-list,"Linked List, Two Pointers",03 Two Pointers & Prefix Sum,,
309,MEDIUM,Concatenate Non-Zero Digits and Multiply by Sum II,21.2,https://leetcode.com/problems/concatenate-non-zero-digits-and-multiply-by-sum-ii,"Math, String, Prefix Sum",03 Two Pointers & Prefix Sum,,
310,MEDIUM,Jump Game VII,21.2,https://leetcode.com/problems/jump-game-vii,"String, Dynamic Programming, Sliding Window, Prefix Sum",03 Two Pointers & Prefix Sum,,
311,MEDIUM,Maximum Twin Sum of a Linked List,21.2,https://leetcode.com/problems/maximum-twin-sum-of-a-linked-list,"Linked List, Two Pointers, Stack",03 Two Pointers & Prefix Sum,,
312,MEDIUM,Reorder List,21.2,https://leetcode.com/problems/reorder-list,"Linked List, Two Pointers, Stack, Recursion",03 Two Pointers & Prefix Sum,,
313,MEDIUM,Sum of Square Numbers,21.2,https://leetcode.com/problems/sum-of-square-numbers,"Math, Two Pointers, Binary Search",03 Two Pointers & Prefix Sum,,
314,HARD,Number of ZigZag Arrays I,42.8,https://leetcode.com/problems/number-of-zigzag-arrays-i,"Dynamic Programming, Prefix Sum",03 Two Pointers & Prefix Sum,,
315,EASY,Valid Parentheses,53.3,https://leetcode.com/problems/valid-parentheses,"String, Stack, Bracket Sequences",05 Strings,,
316,EASY,Add Binary,46,https://leetcode.com/problems/add-binary,"Math, String, Bit Manipulation, Simulation",05 Strings,,
317,EASY,Remove Outermost Parentheses,34.6,https://leetcode.com/problems/remove-outermost-parentheses,"String, Stack, Bracket Sequences",05 Strings,,
318,EASY,Rotate String,34.6,https://leetcode.com/problems/rotate-string,"String, String Matching",05 Strings,,
319,EASY,Maximum Nesting Depth of the Parentheses,28.9,https://leetcode.com/problems/maximum-nesting-depth-of-the-parentheses,"String, Stack, Bracket Sequences",05 Strings,,
320,EASY,Minimum Number of Pushes to Type Word I,28.9,https://leetcode.com/problems/minimum-number-of-pushes-to-type-word-i,"Math, String, Greedy",05 Strings,,
321,EASY,Excel Sheet Column Number,21.2,https://leetcode.com/problems/excel-sheet-column-number,"Math, String",05 Strings,,
322,MEDIUM,String to Integer (atoi),48.7,https://leetcode.com/problems/string-to-integer-atoi,String,05 Strings,,
323,MEDIUM,Edit Distance,42.8,https://leetcode.com/problems/edit-distance,"String, Dynamic Programming",05 Strings,,
324,MEDIUM,Multiply Strings,42.8,https://leetcode.com/problems/multiply-strings,"Math, String, Simulation",05 Strings,,
325,MEDIUM,Decode String,39.1,https://leetcode.com/problems/decode-string,"String, Stack, Recursion",05 Strings,,
326,MEDIUM,Interleaving String,39.1,https://leetcode.com/problems/interleaving-string,"String, Dynamic Programming",05 Strings,,
327,MEDIUM,Palindrome Partitioning,39.1,https://leetcode.com/problems/palindrome-partitioning,"String, Dynamic Programming, Backtracking",05 Strings,,
328,MEDIUM,Generate Parentheses,34.6,https://leetcode.com/problems/generate-parentheses,"String, Dynamic Programming, Backtracking, Bracket Sequences",05 Strings,,
329,MEDIUM,Maximize Active Section with Trade I,34.6,https://leetcode.com/problems/maximize-active-section-with-trade-i,"String, Enumeration",05 Strings,,
330,MEDIUM,Remove K Digits,34.6,https://leetcode.com/problems/remove-k-digits,"String, Stack, Greedy, Monotonic Stack",05 Strings,,
331,MEDIUM,Smallest Subsequence of Distinct Characters,34.6,https://leetcode.com/problems/smallest-subsequence-of-distinct-characters,"String, Stack, Greedy, Monotonic Stack",05 Strings,,
332,MEDIUM,Zigzag Conversion,34.6,https://leetcode.com/problems/zigzag-conversion,String,05 Strings,,
333,MEDIUM,Longest Common Subsequence,28.9,https://leetcode.com/problems/longest-common-subsequence,"String, Dynamic Programming, Longest Common Subsequence",05 Strings,,
334,MEDIUM,Remove All Adjacent Duplicates in String II,28.9,https://leetcode.com/problems/remove-all-adjacent-duplicates-in-string-ii,"String, Stack",05 Strings,,
335,MEDIUM,Valid Parenthesis String,28.9,https://leetcode.com/problems/valid-parenthesis-string,"String, Dynamic Programming, Stack, Greedy, Bracket Sequences",05 Strings,,
336,MEDIUM,Count and Say,21.2,https://leetcode.com/problems/count-and-say,String,05 Strings,,
337,MEDIUM,Design Add and Search Words Data Structure,21.2,https://leetcode.com/problems/design-add-and-search-words-data-structure,"String, Depth-First Search, Design, Trie",05 Strings,,
338,MEDIUM,Process String with Special Operations I,21.2,https://leetcode.com/problems/process-string-with-special-operations-i,"String, Simulation",05 Strings,,
339,MEDIUM,Remove All Occurrences of a Substring,21.2,https://leetcode.com/problems/remove-all-occurrences-of-a-substring,"String, Stack, Simulation",05 Strings,,
340,MEDIUM,Remove Duplicate Letters,21.2,https://leetcode.com/problems/remove-duplicate-letters,"String, Stack, Greedy, Monotonic Stack",05 Strings,,
341,MEDIUM,Repeated String Match,21.2,https://leetcode.com/problems/repeated-string-match,"String, String Matching, Z Algorithm, Knuth–Morris–Pratt Algorithm, Boyer–Moore String-Search Algorithm",05 Strings,,
342,MEDIUM,Restore IP Addresses,21.2,https://leetcode.com/problems/restore-ip-addresses,"String, Backtracking",05 Strings,,
343,MEDIUM,Simplify Path,21.2,https://leetcode.com/problems/simplify-path,"String, Stack",05 Strings,,
344,MEDIUM,Web Crawler,21.2,https://leetcode.com/problems/web-crawler,"String, Depth-First Search, Breadth-First Search, Interactive",05 Strings,,
345,HARD,Wildcard Matching,42.8,https://leetcode.com/problems/wildcard-matching,"String, Dynamic Programming, Greedy, Recursion",05 Strings,,
346,HARD,Longest Valid Parentheses,39.1,https://leetcode.com/problems/longest-valid-parentheses,"String, Dynamic Programming, Stack, Bracket Sequences",05 Strings,,
347,HARD,Regular Expression Matching,34.6,https://leetcode.com/problems/regular-expression-matching,"String, Dynamic Programming, Recursion",05 Strings,,
348,HARD,Basic Calculator,28.9,https://leetcode.com/problems/basic-calculator,"Math, String, Stack, Recursion",05 Strings,,
349,HARD,Distinct Subsequences,28.9,https://leetcode.com/problems/distinct-subsequences,"String, Dynamic Programming",05 Strings,,
350,HARD,Palindrome Partitioning II,28.9,https://leetcode.com/problems/palindrome-partitioning-ii,"String, Dynamic Programming",05 Strings,,
351,HARD,Serialize and Deserialize Binary Tree,28.9,https://leetcode.com/problems/serialize-and-deserialize-binary-tree,"String, Tree, Depth-First Search, Breadth-First Search, Design, Binary Tree",05 Strings,,
352,HARD,Longest Happy Prefix,21.2,https://leetcode.com/problems/longest-happy-prefix,"String, Rolling Hash, String Matching, Hash Function, Z Algorithm, Knuth–Morris–Pratt Algorithm",05 Strings,,
353,HARD,Process String with Special Operations II,21.2,https://leetcode.com/problems/process-string-with-special-operations-ii,"String, Simulation",05 Strings,,
354,EASY,Sqrt(x),42.8,https://leetcode.com/problems/sqrtx,"Math, Binary Search, Newton's Method",06 Binary Search,,
355,EASY,Guess Number Higher or Lower,28.9,https://leetcode.com/problems/guess-number-higher-or-lower,"Binary Search, Interactive",06 Binary Search,,
356,EASY,First Bad Version,21.2,https://leetcode.com/problems/first-bad-version,"Binary Search, Interactive",06 Binary Search,,
357,MEDIUM,Validate Binary Search Tree,34.6,https://leetcode.com/problems/validate-binary-search-tree,"Tree, Depth-First Search, Binary Search Tree, Binary Tree",06 Binary Search,,
358,MEDIUM,Binary Search Tree to Greater Sum Tree,28.9,https://leetcode.com/problems/binary-search-tree-to-greater-sum-tree,"Tree, Depth-First Search, Binary Search Tree, Binary Tree",06 Binary Search,,
359,MEDIUM,Convert Sorted List to Binary Search Tree,28.9,https://leetcode.com/problems/convert-sorted-list-to-binary-search-tree,"Linked List, Divide and Conquer, Tree, Binary Search Tree, Binary Tree",06 Binary Search,,
360,MEDIUM,Kth Smallest Element in a BST,28.9,https://leetcode.com/problems/kth-smallest-element-in-a-bst,"Tree, Depth-First Search, Binary Search Tree, Binary Tree",06 Binary Search,,
361,MEDIUM,Delete Node in a BST,21.2,https://leetcode.com/problems/delete-node-in-a-bst,"Tree, Binary Search Tree, Binary Tree",06 Binary Search,,
362,MEDIUM,Insert into a Binary Search Tree,21.2,https://leetcode.com/problems/insert-into-a-binary-search-tree,"Tree, Binary Search Tree, Binary Tree",06 Binary Search,,
363,HARD,Maximum Sum BST in Binary Tree,21.2,https://leetcode.com/problems/maximum-sum-bst-in-binary-tree,"Dynamic Programming, Tree, Depth-First Search, Binary Search Tree, Binary Tree, DP on Trees",06 Binary Search,,
364,EASY,Merge Two Sorted Lists,55.3,https://leetcode.com/problems/merge-two-sorted-lists,"Linked List, Recursion",07 Linked List,,
365,EASY,Reverse Linked List,46,https://leetcode.com/problems/reverse-linked-list,"Linked List, Recursion",07 Linked List,,
366,EASY,Remove Duplicates from Sorted List,21.2,https://leetcode.com/problems/remove-duplicates-from-sorted-list,Linked List,07 Linked List,,
367,MEDIUM,Add Two Numbers,76.7,https://leetcode.com/problems/add-two-numbers,"Linked List, Math, Recursion",07 Linked List,,
368,MEDIUM,Odd Even Linked List,42.8,https://leetcode.com/problems/odd-even-linked-list,Linked List,07 Linked List,,
369,MEDIUM,Reverse Linked List II,42.8,https://leetcode.com/problems/reverse-linked-list-ii,Linked List,07 Linked List,,
370,MEDIUM,Populating Next Right Pointers in Each Node,21.2,https://leetcode.com/problems/populating-next-right-pointers-in-each-node,"Linked List, Tree, Depth-First Search, Breadth-First Search, Binary Tree",07 Linked List,,
371,HARD,Merge k Sorted Lists,57.1,https://leetcode.com/problems/merge-k-sorted-lists,"Linked List, Divide and Conquer, Heap (Priority Queue), Merge Sort, Tournament Sort",07 Linked List,,
372,HARD,Reverse Nodes in k-Group,46,https://leetcode.com/problems/reverse-nodes-in-k-group,"Linked List, Recursion",07 Linked List,,
373,EASY,Binary Tree Inorder Traversal,46,https://leetcode.com/problems/binary-tree-inorder-traversal,"Stack, Tree, Depth-First Search, Binary Tree",08 Stack & Queue,,
374,EASY,Binary Tree Preorder Traversal,21.2,https://leetcode.com/problems/binary-tree-preorder-traversal,"Stack, Tree, Depth-First Search, Binary Tree",08 Stack & Queue,,
375,EASY,Implement Queue using Stacks,21.2,https://leetcode.com/problems/implement-queue-using-stacks,"Stack, Design, Queue",08 Stack & Queue,,
376,EASY,Implement Stack using Queues,21.2,https://leetcode.com/problems/implement-stack-using-queues,"Stack, Design, Queue",08 Stack & Queue,,
377,MEDIUM,Cheapest Flights Within K Stops,28.9,https://leetcode.com/problems/cheapest-flights-within-k-stops,"Dynamic Programming, Depth-First Search, Breadth-First Search, Graph Theory, Heap (Priority Queue), Shortest Path",08 Stack & Queue,,
378,MEDIUM,Min Stack,28.9,https://leetcode.com/problems/min-stack,"Stack, Design",08 Stack & Queue,,
379,EASY,Fibonacci Number,39.1,https://leetcode.com/problems/fibonacci-number,"Math, Dynamic Programming, Recursion, Memoization",09 Recursion & Backtracking,,
380,EASY,Power of Two,39.1,https://leetcode.com/problems/power-of-two,"Math, Bit Manipulation, Recursion",09 Recursion & Backtracking,,
381,EASY,Find the K-th Character in String Game I,21.2,https://leetcode.com/problems/find-the-k-th-character-in-string-game-i,"Math, Bit Manipulation, Recursion, Simulation",09 Recursion & Backtracking,,
382,MEDIUM,"Pow(x, n)",39.1,https://leetcode.com/problems/powx-n,"Math, Recursion",09 Recursion & Backtracking,,
383,MEDIUM,Combinations,28.9,https://leetcode.com/problems/combinations,Backtracking,09 Recursion & Backtracking,,
384,MEDIUM,Path Sum II,28.9,https://leetcode.com/problems/path-sum-ii,"Backtracking, Tree, Depth-First Search, Binary Tree",09 Recursion & Backtracking,,
385,HARD,Permutation Sequence,21.2,https://leetcode.com/problems/permutation-sequence,"Math, Recursion",09 Recursion & Backtracking,,
386,EASY,Balanced Binary Tree,46,https://leetcode.com/problems/balanced-binary-tree,"Tree, Depth-First Search, Binary Tree",10 Trees & BST,,
387,EASY,Diameter of Binary Tree,46,https://leetcode.com/problems/diameter-of-binary-tree,"Tree, Depth-First Search, Binary Tree, DP on Trees",10 Trees & BST,,
388,EASY,Same Tree,39.1,https://leetcode.com/problems/same-tree,"Tree, Depth-First Search, Breadth-First Search, Binary Tree",10 Trees & BST,,
389,EASY,Symmetric Tree,34.6,https://leetcode.com/problems/symmetric-tree,"Tree, Depth-First Search, Breadth-First Search, Binary Tree",10 Trees & BST,,
390,EASY,Maximum Depth of Binary Tree,21.2,https://leetcode.com/problems/maximum-depth-of-binary-tree,"Tree, Depth-First Search, Breadth-First Search, Binary Tree",10 Trees & BST,,
391,EASY,Minimum Depth of Binary Tree,21.2,https://leetcode.com/problems/minimum-depth-of-binary-tree,"Tree, Depth-First Search, Breadth-First Search, Binary Tree",10 Trees & BST,,
392,MEDIUM,Lowest Common Ancestor of a Binary Tree,57.1,https://leetcode.com/problems/lowest-common-ancestor-of-a-binary-tree,"Tree, Depth-First Search, Binary Tree, Binary Lifting, Lowest Common Ancestor",10 Trees & BST,,
393,MEDIUM,House Robber III,46,https://leetcode.com/problems/house-robber-iii,"Dynamic Programming, Tree, Depth-First Search, Binary Tree, DP on Trees",10 Trees & BST,,
394,MEDIUM,Binary Tree Right Side View,42.8,https://leetcode.com/problems/binary-tree-right-side-view,"Tree, Depth-First Search, Breadth-First Search, Binary Tree",10 Trees & BST,,
395,MEDIUM,Binary Tree Zigzag Level Order Traversal,34.6,https://leetcode.com/problems/binary-tree-zigzag-level-order-traversal,"Tree, Breadth-First Search, Binary Tree",10 Trees & BST,,
396,MEDIUM,Path Sum III,34.6,https://leetcode.com/problems/path-sum-iii,"Tree, Depth-First Search, Binary Tree",10 Trees & BST,,
397,MEDIUM,Binary Tree Level Order Traversal,28.9,https://leetcode.com/problems/binary-tree-level-order-traversal,"Tree, Breadth-First Search, Binary Tree",10 Trees & BST,,
398,MEDIUM,Maximum Width of Binary Tree,28.9,https://leetcode.com/problems/maximum-width-of-binary-tree,"Tree, Depth-First Search, Breadth-First Search, Binary Tree",10 Trees & BST,,
399,MEDIUM,Number of Ways to Assign Edge Weights I,28.9,https://leetcode.com/problems/number-of-ways-to-assign-edge-weights-i,"Math, Tree, Depth-First Search",10 Trees & BST,,
400,MEDIUM,Sum of Nodes with Even-Valued Grandparent,21.2,https://leetcode.com/problems/sum-of-nodes-with-even-valued-grandparent,"Tree, Depth-First Search, Breadth-First Search, Binary Tree",10 Trees & BST,,
401,HARD,Binary Tree Maximum Path Sum,48.7,https://leetcode.com/problems/binary-tree-maximum-path-sum,"Dynamic Programming, Tree, Depth-First Search, Binary Tree, DP on Trees",10 Trees & BST,,
402,MEDIUM,Course Schedule,64.3,https://leetcode.com/problems/course-schedule,"Depth-First Search, Breadth-First Search, Graph Theory, Topological Sort, Directed Acyclic Graph",12 Graphs,,
403,MEDIUM,Course Schedule II,39.1,https://leetcode.com/problems/course-schedule-ii,"Depth-First Search, Breadth-First Search, Graph Theory, Topological Sort",12 Graphs,,
404,MEDIUM,Number of Operations to Make Network Connected,28.9,https://leetcode.com/problems/number-of-operations-to-make-network-connected,"Depth-First Search, Breadth-First Search, Union-Find, Graph Theory",12 Graphs,,
405,MEDIUM,Number of Provinces,28.9,https://leetcode.com/problems/number-of-provinces,"Depth-First Search, Breadth-First Search, Union-Find, Graph Theory",12 Graphs,,
406,MEDIUM,Remove Methods From Project,28.9,https://leetcode.com/problems/remove-methods-from-project,"Depth-First Search, Breadth-First Search, Graph Theory",12 Graphs,,
407,MEDIUM,Find Eventual Safe States,21.2,https://leetcode.com/problems/find-eventual-safe-states,"Depth-First Search, Breadth-First Search, Graph Theory, Topological Sort, Kosaraju's Algorithm, Tarjan's SCC Algorithm",12 Graphs,,
408,MEDIUM,Lexicographical Numbers,21.2,https://leetcode.com/problems/lexicographical-numbers,"Depth-First Search, Trie",12 Graphs,,
409,MEDIUM,Minimum Height Trees,21.2,https://leetcode.com/problems/minimum-height-trees,"Depth-First Search, Breadth-First Search, Graph Theory, Topological Sort",12 Graphs,,
410,MEDIUM,Redundant Connection,21.2,https://leetcode.com/problems/redundant-connection,"Depth-First Search, Breadth-First Search, Union-Find, Graph Theory",12 Graphs,,
411,HARD,Parallel Courses II,21.2,https://leetcode.com/problems/parallel-courses-ii,"Dynamic Programming, Bit Manipulation, Graph Theory, Bitmask, Directed Acyclic Graph",12 Graphs,,
412,EASY,Climbing Stairs,55.3,https://leetcode.com/problems/climbing-stairs,"Math, Dynamic Programming, Memoization",15 Dynamic Programming,,
413,MEDIUM,Unique Paths,51.1,https://leetcode.com/problems/unique-paths,"Math, Dynamic Programming, Combinatorics",15 Dynamic Programming,,
414,MEDIUM,Total Waviness of Numbers in Range I,39.1,https://leetcode.com/problems/total-waviness-of-numbers-in-range-i,"Math, Dynamic Programming, Enumeration",15 Dynamic Programming,,
415,EASY,Number of 1 Bits,21.2,https://leetcode.com/problems/number-of-1-bits,"Divide and Conquer, Bit Manipulation",16 Bit Manipulation,,
416,MEDIUM,Divide Two Integers,34.6,https://leetcode.com/problems/divide-two-integers,"Math, Bit Manipulation",16 Bit Manipulation,,
417,EASY,Palindrome Number,67.6,https://leetcode.com/problems/palindrome-number,Math,17 Math / Simulation,,
418,EASY,Add Digits,39.1,https://leetcode.com/problems/add-digits,"Math, Simulation, Number Theory",17 Math / Simulation,,
419,EASY,Add Two Integers,28.9,https://leetcode.com/problems/add-two-integers,Math,17 Math / Simulation,,
420,EASY,Concatenate Non-Zero Digits and Multiply by Sum I,21.2,https://leetcode.com/problems/concatenate-non-zero-digits-and-multiply-by-sum-i,Math,17 Math / Simulation,,
421,EASY,Convert the Temperature,21.2,https://leetcode.com/problems/convert-the-temperature,Math,17 Math / Simulation,,
422,EASY,Sum Multiples,21.2,https://leetcode.com/problems/sum-multiples,Math,17 Math / Simulation,,
423,MEDIUM,Reverse Integer,57.1,https://leetcode.com/problems/reverse-integer,Math,17 Math / Simulation,,
424,MEDIUM,Angle Between Hands of a Clock,51.1,https://leetcode.com/problems/angle-between-hands-of-a-clock,Math,17 Math / Simulation,,
425,MEDIUM,Bulb Switcher,28.9,https://leetcode.com/problems/bulb-switcher,"Math, Brainteaser",17 Math / Simulation,,
426,EASY,Combine Two Tables,48.7,https://leetcode.com/problems/combine-two-tables,Database,18 Database / SQL,,
427,EASY,Customer Who Visited but Did Not Make Any Transactions,34.6,https://leetcode.com/problems/customer-who-visited-but-did-not-make-any-transactions,Database,18 Database / SQL,,
428,EASY,Duplicate Emails,34.6,https://leetcode.com/problems/duplicate-emails,Database,18 Database / SQL,,
429,EASY,Average Time of Process per Machine,28.9,https://leetcode.com/problems/average-time-of-process-per-machine,Database,18 Database / SQL,,
430,EASY,Recyclable and Low Fat Products,28.9,https://leetcode.com/problems/recyclable-and-low-fat-products,Database,18 Database / SQL,,
431,EASY,Students and Examinations,28.9,https://leetcode.com/problems/students-and-examinations,Database,18 Database / SQL,,
432,EASY,User Activity for the Past 30 Days I,28.9,https://leetcode.com/problems/user-activity-for-the-past-30-days-i,Database,18 Database / SQL,,
433,EASY,Customer Placing the Largest Number of Orders,21.2,https://leetcode.com/problems/customer-placing-the-largest-number-of-orders,Database,18 Database / SQL,,
434,EASY,Employees Earning More Than Their Managers,21.2,https://leetcode.com/problems/employees-earning-more-than-their-managers,Database,18 Database / SQL,,
435,EASY,Game Play Analysis I,21.2,https://leetcode.com/problems/game-play-analysis-i,Database,18 Database / SQL,,
436,EASY,Invalid Tweets,21.2,https://leetcode.com/problems/invalid-tweets,Database,18 Database / SQL,,
437,EASY,Primary Department for Each Employee,21.2,https://leetcode.com/problems/primary-department-for-each-employee,Database,18 Database / SQL,,
438,EASY,Product Sales Analysis I,21.2,https://leetcode.com/problems/product-sales-analysis-i,Database,18 Database / SQL,,
439,EASY,Queries Quality and Percentage,21.2,https://leetcode.com/problems/queries-quality-and-percentage,Database,18 Database / SQL,,
440,MEDIUM,Consecutive Numbers,39.1,https://leetcode.com/problems/consecutive-numbers,Database,18 Database / SQL,,
441,MEDIUM,Managers with at Least 5 Direct Reports,34.6,https://leetcode.com/problems/managers-with-at-least-5-direct-reports,Database,18 Database / SQL,,
442,MEDIUM,Monthly Transactions I,28.9,https://leetcode.com/problems/monthly-transactions-i,Database,18 Database / SQL,,
443,MEDIUM,Movie Rating,28.9,https://leetcode.com/problems/movie-rating,Database,18 Database / SQL,,
444,MEDIUM,Product Price at a Given Date,28.9,https://leetcode.com/problems/product-price-at-a-given-date,Database,18 Database / SQL,,
445,MEDIUM,Second Highest Salary,28.9,https://leetcode.com/problems/second-highest-salary,Database,18 Database / SQL,,
446,MEDIUM,Department Highest Salary,21.2,https://leetcode.com/problems/department-highest-salary,Database,18 Database / SQL,,
447,MEDIUM,Last Person to Fit in the Bus,21.2,https://leetcode.com/problems/last-person-to-fit-in-the-bus,Database,18 Database / SQL,,
448,MEDIUM,Sequential Digits,39.1,https://leetcode.com/problems/sequential-digits,Enumeration,19 Other,,
449,MEDIUM,Widest Possible Fence,21.2,https://leetcode.com/problems/widest-possible-fence,,19 Other,,
450,HARD,Minimum Cost to Convert String III,21.2,https://leetcode.com/problems/minimum-cost-to-convert-string-iii,,19 Other,,
